{
    "tracker0" :
        {
            "acc" : [0.990136, 0.998225, 0.979064, 0.002371, -0.086038, 0.062704],
            "gyro" : [ -0.001924, 0.023730, 0.010618 ]
        },
    "tracker1" : 
        {
            "acc" : [0.991695, 0.995070, 0.984835, -0.049861, 0.002383, 0.059537],
            "gyro" : [ -0.010770, 0.019913, -0.009426 ]
        },
    "tracker2" :
        {
            "acc" : [0.996463, 0.995736, 0.991095, -0.032804, 0.069731, -0.231356],
            "gyro" : [ -0.012773, 0.000172, -0.023556 ]
        },
    "tracker3" :
        {
            "acc" : [0.999200, 1.001400, 0.994104, -0.050238, -0.017982, -0.303461],
            "gyro" : [ -0.013404, -0.007530, -0.019525 ]
        },
    "tracker4" :
        {
            "acc" : [0.991455, 0.991395, 0.991095, 0.084268, 0.019583, -0.092543],
            "gyro" : [ -0.007528, 0.021669, 0.007156 ]
        },
    "tracker5" : 
        {
            "acc" : [1.000788, 0.996342, 0.989418, 0.020367, 0.008946, -0.620643],
            "gyro" : [ -0.040225, 0.011375, -0.003724 ]
        },
    "tracker6" :
        {
            "acc" : [0.997799, 1.001339, 0.970773, -0.127212, -0.004197, -0.002349],
            "gyro" : [ -0.004513, 0.011966, -0.008296 ]
        },
    "tracker7" :
        {
            "acc" : [0.993923, 0.992296, 0.981412, -0.076744, -0.152049, 0.230858],
            "gyro" : [ -0.019913, 0.019856, 0.006091 ]
        },
    "tracker8" :
        {
            "acc" : [1.000971, 1.001768, 0.982413, -0.017375, -0.053965, -0.128190],
            "gyro" : [ -0.012264, 0.001006, -0.003928 ]
        },
    "tracker9" :
        {
            "acc" : [0.993681, 0.996645, 0.985962, -0.049366, -0.016703, 0.033048],
            "gyro" : [ 0.013833, 0.009438, 0.000619 ]
        }
}